,features,auc,ado
0,HL,0.8564312399928838,0.0
1,2_1_0,0.8689379114036648,0.6129032258064516
2,1_0_0,0.8645080946450809,0.5757575757575757
3,6_5_2,0.8720067603629248,0.5983606557377049
