,features,auc,ado
0,HL,0.8564312399928838,0.0
1,2_1_0,0.8689379114036648,0.6129032258064516
2,3_3_1,0.8681818181818182,0.5656565656565656
3,6_5_2,0.8732698808041273,0.5803571428571429
