,efp,auc,ado
0,hl6,0.8564312399928838,
1,2_1_0,0.8689379114036648,0.6129032258064516
2,3_3_1,0.8681818181818182,0.5656565656565656
3,6_5_2,0.8732698808041273,0.5803571428571429
4,3_5_0,0.8727628535847713,0.6701030927835051
5,3_5_3,0.8746397438178259,0.5384615384615384
6,5_5_7,0.8733410425191246,0.7027027027027027
7,4_5_8,0.8681462373243195,0.6666666666666666
8,4_4_4,0.8665628891656288,0.616822429906542
9,5_5_6,0.8680750756093222,0.5315315315315315
